{"cameraMode":{"drawMode":0,"name":"Shaded","section":"Shading Mode"},"sceneLighting":true,"audioPlay":false,"sceneViewState":{"showFog":true,"showMaterialUpdate":false,"showSkybox":true,"showFlares":true,"showImageEffects":true,"showParticleSystems":true},"in2DMode":false,"pivot":{"x":494.53961181640627,"y":140.80577087402345,"z":50.52785873413086},"rotation":{"x":-0.29695039987564089,"y":0.004297891166061163,"z":-0.0013352253008633853,"w":-0.9548823237419128},"size":852.5382690429688,"orthographic":true}